<?xml version="1.0" encoding="utf-8" ?>
<dwsync>
<file name="build.php" server="ftp.boogercms.org//www/" local="129564506900525251" remote="129564578400000000" />
<file name="config.php" server="ftp.boogercms.org//www/" local="129555154800000000" remote="129555154800000000" />
<file name="url.php" server="ftp.boogercms.org//www/" local="129561940010526942" remote="129562012200000000" />
<file name="204.php" server="ftp.boogercms.org//www/" local="129476052072817460" remote="129555078000000000" />
<file name="401.php" server="ftp.boogercms.org//www/" local="129470336772310392" remote="129555078600000000" />
<file name="403.php" server="ftp.boogercms.org//www/" local="129470736524244895" remote="129555078600000000" />
<file name="404.php" server="ftp.boogercms.org//www/" local="129470330894084177" remote="129555078600000000" />
<file name="405.php" server="ftp.boogercms.org//www/" local="129470773455647250" remote="129555078600000000" />
<file name="build_plugins.php" server="ftp.boogercms.org//www/" local="129478607725905599" remote="129555078600000000" />
<file name="no_change.php" server="ftp.boogercms.org//www/" local="129470673073295708" remote="129555078600000000" />
<file name="no_direct.php" server="ftp.boogercms.org//www/" local="129470746987623366" remote="129555078600000000" />
</dwsync>