<?xml version="1.0" encoding="utf-8" ?>
<dwsync>
<file name="files.js" server="ftp.boogercms.org//www/" local="129478049080579416" remote="129555079200000000" />
<file name="files.php" server="ftp.boogercms.org//www/" local="129467158448731329" remote="129555079200000000" />
<file name="get_files.php" server="ftp.boogercms.org//www/" local="129470753413190887" remote="129555079200000000" />
<file name="delete.php" server="ftp.boogercms.org//www/" local="129470753448572911" remote="129555079200000000" />
<file name="files.css" server="ftp.boogercms.org//www/" local="129443457087551482" remote="129555079200000000" />
<file name="get_code.php" server="ftp.boogercms.org//www/" local="129470753427741720" remote="129555079200000000" />
<file name="new.php" server="ftp.boogercms.org//www/" local="129470753398260033" remote="129555079200000000" />
<file name="rename.php" server="ftp.boogercms.org//www/" local="129470753383159170" remote="129555079200000000" />
<file name="save_code.php" server="ftp.boogercms.org//www/" local="129470753368058306" remote="129555079200000000" />
</dwsync>