<?xml version="1.0" encoding="utf-8" ?>
<dwsync>
<file name="footer.php" server="ftp.boogercms.org//www/" local="129565620571663596" remote="129565692600000000" />
<file name="functions.php" server="ftp.boogercms.org//www/" local="129563991863806237" remote="129564064200000000" />
<file name="header.php" server="ftp.boogercms.org//www/" local="129564012686627234" remote="129564084600000000" />
<file name="home.tpl.php" server="ftp.boogercms.org//www/" local="129564441027576935" remote="129564513000000000" />
<file name="page.tpl.php" server="ftp.boogercms.org//www/" local="129565623131940036" remote="129565695000000000" />
<file name="reset.css" server="ftp.boogercms.org//www/" local="129561037875087746" remote="129561111000000000" />
<file name="site.css" server="ftp.boogercms.org//www/" local="129567456269549509" remote="129567528000000000" />
<file name="toolbar.css" server="ftp.boogercms.org//www/" local="129567124010685389" remote="129567195600000000" />
</dwsync>