<?xml version="1.0" encoding="utf-8" ?>
<dwsync>
<file name="basic.js" server="ftp.boogercms.org//www/" local="129422457550359808" remote="129555763800000000" />
<file name="brainfuck.js" server="ftp.boogercms.org//www/" local="129422457550479814" remote="129555763800000000" />
<file name="c.js" server="ftp.boogercms.org//www/" local="129422457550759830" remote="129555763800000000" />
<file name="coldfusion.js" server="ftp.boogercms.org//www/" local="129422457551009845" remote="129555763800000000" />
<file name="cpp.js" server="ftp.boogercms.org//www/" local="129422457551139852" remote="129555763800000000" />
<file name="css.js" server="ftp.boogercms.org//www/" local="129422457551459871" remote="129555763800000000" />
<file name="html.js" server="ftp.boogercms.org//www/" local="129422457551689884" remote="129555763800000000" />
<file name="java.js" server="ftp.boogercms.org//www/" local="129422457551879895" remote="129555763800000000" />
<file name="js.js" server="ftp.boogercms.org//www/" local="129422457552189912" remote="129555763800000000" />
<file name="pas.js" server="ftp.boogercms.org//www/" local="129422457552439927" remote="129555763800000000" />
<file name="perl.js" server="ftp.boogercms.org//www/" local="129422457552609936" remote="129555763800000000" />
<file name="php.js" server="ftp.boogercms.org//www/" local="129422457552999959" remote="129555763800000000" />
<file name="python.js" server="ftp.boogercms.org//www/" local="129422457553339978" remote="129555763800000000" />
<file name="robotstxt.js" server="ftp.boogercms.org//www/" local="129422457553459985" remote="129555763800000000" />
<file name="ruby.js" server="ftp.boogercms.org//www/" local="129422457553599993" remote="129555763800000000" />
<file name="sql.js" server="ftp.boogercms.org//www/" local="129422457553750002" remote="129555763800000000" />
<file name="tsql.js" server="ftp.boogercms.org//www/" local="129422457553990015" remote="129555763800000000" />
<file name="vb.js" server="ftp.boogercms.org//www/" local="129422457554130023" remote="129555763800000000" />
<file name="xml.js" server="ftp.boogercms.org//www/" local="129422457554270031" remote="129555763800000000" />
</dwsync>