<?xml version="1.0" encoding="utf-8" ?>
<dwsync>
<file name="background.png" server="ftp.boogercms.org//www/" local="129459606944764981" remote="129555080400000000" />
<file name="close.png" server="ftp.boogercms.org//www/" local="129468143093939814" remote="129555080400000000" />
<file name="columns.png" server="ftp.boogercms.org//www/" local="129456196070507463" remote="129555080400000000" />
<file name="delete-20.png" server="ftp.boogercms.org//www/" local="129484533672226491" remote="129555080400000000" />
<file name="delete.png" server="ftp.boogercms.org//www/" local="129458906527713417" remote="129555080400000000" />
<file name="edit.png" server="ftp.boogercms.org//www/" local="129483942328474019" remote="129555080400000000" />
<file name="hold.png" server="ftp.boogercms.org//www/" local="129456952370105325" remote="129555080400000000" />
<file name="html.png" server="ftp.boogercms.org//www/" local="129458931256667832" remote="129555080400000000" />
<file name="layers.png" server="ftp.boogercms.org//www/" local="129484535365473339" remote="129555080400000000" />
<file name="link.png" server="ftp.boogercms.org//www/" local="129458729801505256" remote="129555080400000000" />
<file name="lorem.png" server="ftp.boogercms.org//www/" local="129458690371930014" remote="129555080400000000" />
<file name="margin.png" server="ftp.boogercms.org//www/" local="129457172949301734" remote="129555080400000000" />
<file name="move.png" server="ftp.boogercms.org//www/" local="129458878385423770" remote="129555080400000000" />
<file name="next_line.png" server="ftp.boogercms.org//www/" local="129456931204194705" remote="129555080400000000" />
<file name="padding.png" server="ftp.boogercms.org//www/" local="129457258895887597" remote="129555080400000000" />
<file name="parent.png" server="ftp.boogercms.org//www/" local="129458684704445852" remote="129555080400000000" />
<file name="previous_line.png" server="ftp.boogercms.org//www/" local="129456924793164064" remote="129555080400000000" />
<file name="shortcode.png" server="ftp.boogercms.org//www/" local="129552728787939902" remote="129555080400000000" />
<file name="styles.png" server="ftp.boogercms.org//www/" local="129456277502015079" remote="129555080400000000" />
<file name="toolbox.png" server="ftp.boogercms.org//www/" local="129444137214302507" remote="129555080400000000" />
<file name="unlink.png" server="ftp.boogercms.org//www/" local="129458866739537664" remote="129555080400000000" />
<file name="unwrap.png" server="ftp.boogercms.org//www/" local="129456341729578685" remote="129555080400000000" />
<file name="width_height.png" server="ftp.boogercms.org//www/" local="129457691101245000" remote="129555080400000000" />
</dwsync>