<?xml version="1.0" encoding="utf-8" ?>
<dwsync>
<file name="pages.js" server="ftp.boogercms.org//www/" local="129567850544180728" remote="129567922200000000" />
<file name="save.php" server="ftp.boogercms.org//www/" local="129477677425501962" remote="129555079800000000" />
<file name="create_page.php" server="ftp.boogercms.org//www/" local="129564001230541983" remote="129564073200000000" />
<file name="delete.php" server="ftp.boogercms.org//www/" local="129470753249511525" remote="129555079800000000" />
<file name="get_categories.php" server="ftp.boogercms.org//www/" local="129470753235310713" remote="129555079800000000" />
<file name="get_info.php" server="ftp.boogercms.org//www/" local="129470753220339857" remote="129555079800000000" />
<file name="get_pages.php" server="ftp.boogercms.org//www/" local="129470753208329170" remote="129555079800000000" />
<file name="get_revisions.php" server="ftp.boogercms.org//www/" local="129477170891459872" remote="129555079800000000" />
<file name="get_tags.php" server="ftp.boogercms.org//www/" local="129470753192828283" remote="129555079800000000" />
<file name="get_templates.php" server="ftp.boogercms.org//www/" local="129470753170597012" remote="129555079800000000" />
<file name="groups.php" server="ftp.boogercms.org//www/" local="129470754649891623" remote="129555079800000000" />
<file name="pages.css" server="ftp.boogercms.org//www/" local="129468407255468989" remote="129555079800000000" />
<file name="pages.php" server="ftp.boogercms.org//www/" local="129540366329966192" remote="129555079800000000" />
<file name="restore.php" server="ftp.boogercms.org//www/" local="129477709589781653" remote="129555079800000000" />
<file name="users.php" server="ftp.boogercms.org//www/" local="129470754565226780" remote="129555079800000000" />
</dwsync>