<?xml version="1.0" encoding="utf-8" ?>
<dwsync>
<file name="autocompletion.gif" server="ftp.boogercms.org//www/" local="129422457536629022" remote="129555763200000000" />
<file name="close.gif" server="ftp.boogercms.org//www/" local="129422457536669025" remote="129555763200000000" />
<file name="fullscreen.gif" server="ftp.boogercms.org//www/" local="129422457536719027" remote="129555763200000000" />
<file name="go_to_line.gif" server="ftp.boogercms.org//www/" local="129422457536959041" remote="129555763200000000" />
<file name="help.gif" server="ftp.boogercms.org//www/" local="129422457536989043" remote="129555763200000000" />
<file name="highlight.gif" server="ftp.boogercms.org//www/" local="129422457537039046" remote="129555763200000000" />
<file name="load.gif" server="ftp.boogercms.org//www/" local="129422457537389066" remote="129555763200000000" />
<file name="move.gif" server="ftp.boogercms.org//www/" local="129422457537429068" remote="129555763200000000" />
<file name="newdocument.gif" server="ftp.boogercms.org//www/" local="129422457537469070" remote="129555763200000000" />
<file name="opacity.png" server="ftp.boogercms.org//www/" local="129422457537509073" remote="129555763200000000" />
<file name="processing.gif" server="ftp.boogercms.org//www/" local="129422457537559075" remote="129555763200000000" />
<file name="redo.gif" server="ftp.boogercms.org//www/" local="129422457537599078" remote="129555763200000000" />
<file name="reset_highlight.gif" server="ftp.boogercms.org//www/" local="129422457537639080" remote="129555763200000000" />
<file name="save.gif" server="ftp.boogercms.org//www/" local="129422457537689083" remote="129555763200000000" />
<file name="search.gif" server="ftp.boogercms.org//www/" local="129422457537729085" remote="129555763200000000" />
<file name="smooth_selection.gif" server="ftp.boogercms.org//www/" local="129422457537769087" remote="129555763200000000" />
<file name="spacer.gif" server="ftp.boogercms.org//www/" local="129422457537809090" remote="129555763200000000" />
<file name="statusbar_resize.gif" server="ftp.boogercms.org//www/" local="129422457537849092" remote="129555763200000000" />
<file name="undo.gif" server="ftp.boogercms.org//www/" local="129422457537889094" remote="129555763200000000" />
<file name="word_wrap.gif" server="ftp.boogercms.org//www/" local="129422457537929097" remote="129555763200000000" />
</dwsync>