<?xml version="1.0" encoding="utf-8" ?>
<dwsync>
<file name="categories.css" server="ftp.boogercms.org//www/" local="129488145502765029" remote="129555079200000000" />
<file name="categories.js" server="ftp.boogercms.org//www/" local="129488822284535999" remote="129555079200000000" />
<file name="categories.php" server="ftp.boogercms.org//www/" local="129539508972088127" remote="129555079200000000" />
<file name="delete_category.php" server="ftp.boogercms.org//www/" local="129470749743080969" remote="129555079200000000" />
<file name="get_categories.php" server="ftp.boogercms.org//www/" local="129488145148964793" remote="129555079200000000" />
<file name="get_info.php" server="ftp.boogercms.org//www/" local="129488137728070342" remote="129555079200000000" />
<file name="get_parents.php" server="ftp.boogercms.org//www/" local="129470749699968503" remote="129555079200000000" />
<file name="get_templates.php" server="ftp.boogercms.org//www/" local="129488142016505627" remote="129555079200000000" />
<file name="save_category.php" server="ftp.boogercms.org//www/" local="129540128854203356" remote="129555079200000000" />
</dwsync>