<?xml version="1.0" encoding="utf-8" ?>
<dwsync>
<file name="get_edit.php" server="ftp.boogercms.org//www/" local="129470753323665767" remote="129555079200000000" />
<file name="media.js" server="ftp.boogercms.org//www/" local="129562658521103396" remote="129562730400000000" />
<file name="media.php" server="ftp.boogercms.org//www/" local="129466578474088677" remote="129555079800000000" />
<file name="save_changes.php" server="ftp.boogercms.org//www/" local="129470753293234026" remote="129555079800000000" />
<file name="thumb.php" server="ftp.boogercms.org//www/" local="129470753278783200" remote="129555079800000000" />
<file name="db_insert.php" server="ftp.boogercms.org//www/" local="129470753352847436" remote="129555079200000000" />
<file name="delete.php" server="ftp.boogercms.org//www/" local="129562720456395892" remote="129562792800000000" />
<file name="get_images.php" server="ftp.boogercms.org//www/" local="129470753308404894" remote="129555079200000000" />
</dwsync>