<?xml version="1.0" encoding="utf-8" ?>
<dwsync>
<file name="footer.php" server="ftp.boogercms.org//www/" local="129544530708806597" remote="129555080400000000" />
<file name="functions.php" server="ftp.boogercms.org//www/" local="129539334331549259" remote="129555080400000000" />
<file name="header.php" server="ftp.boogercms.org//www/" local="129559065988252271" remote="129559138200000000" />
<file name="home.tpl.php" server="ftp.boogercms.org//www/" local="129552795565149340" remote="129555080400000000" />
<file name="page.tpl.php" server="ftp.boogercms.org//www/" local="129544520456990227" remote="129555080400000000" />
<file name="reset.css" server="ftp.boogercms.org//www/" local="129478687252204243" remote="129555080400000000" />
<file name="site.css" server="ftp.boogercms.org//www/" local="129559425136634383" remote="129559497000000000" />
<file name="toolbar.css" server="ftp.boogercms.org//www/" local="129483718083137920" remote="129555080400000000" />
</dwsync>