<?xml version="1.0" encoding="utf-8" ?>
<dwsync>
<file name="jquery-progress.js" server="ftp.boogercms.org//www/" local="129452673709452806" remote="129555078600000000" />
<file name="jquery-yesNo.js" server="ftp.boogercms.org//www/" local="129452831986985763" remote="129555078600000000" />
<file name="jquery-beautify.js" server="ftp.boogercms.org//www/" local="129567858671235569" remote="129567930600000000" />
<file name="jquery-clickToggle.js" server="ftp.boogercms.org//www/" local="129440591303062010" remote="129555078600000000" />
<file name="jquery-extensions.js" server="ftp.boogercms.org//www/" local="129488243273628470" remote="129555078600000000" />
<file name="jquery-getAllAttr.js" server="ftp.boogercms.org//www/" local="129459602062185713" remote="129555078600000000" />
<file name="jquery-htmlEdit.js" server="ftp.boogercms.org//www/" local="129488146556173065" remote="129555078600000000" />
<file name="jquery-overlay.js" server="ftp.boogercms.org//www/" local="129445671859674831" remote="129555078600000000" />
<file name="jquery.cycle.all.min.js" server="ftp.boogercms.org//www/" local="129444084138046719" remote="129555078600000000" />
<file name="jquery.min.js" server="ftp.boogercms.org//www/" local="129116225340000000" remote="129555078600000000" />
<file name="sha1.js" server="ftp.boogercms.org//www/" local="129281730850607948" remote="129555078600000000" />
</dwsync>