<?xml version="1.0" encoding="utf-8" ?>
<dwsync>
<file name="blank.gif" server="ftp.boogercms.org//www/" local="129223755880000000" remote="129555078600000000" />
<file name="colorpicker_background.png" server="ftp.boogercms.org//www/" local="129223755880000000" remote="129555078600000000" />
<file name="colorpicker_hex.png" server="ftp.boogercms.org//www/" local="129223755880000000" remote="129555078600000000" />
<file name="colorpicker_hsb_b.png" server="ftp.boogercms.org//www/" local="129223755880000000" remote="129555078600000000" />
<file name="colorpicker_hsb_h.png" server="ftp.boogercms.org//www/" local="129223755880000000" remote="129555078600000000" />
<file name="colorpicker_hsb_s.png" server="ftp.boogercms.org//www/" local="129223755880000000" remote="129555078600000000" />
<file name="colorpicker_indic.gif" server="ftp.boogercms.org//www/" local="129223755880000000" remote="129555078600000000" />
<file name="colorpicker_overlay.png" server="ftp.boogercms.org//www/" local="129223755880000000" remote="129555078600000000" />
<file name="colorpicker_rgb_b.png" server="ftp.boogercms.org//www/" local="129223755880000000" remote="129555078600000000" />
<file name="colorpicker_rgb_g.png" server="ftp.boogercms.org//www/" local="129223755880000000" remote="129555078600000000" />
<file name="colorpicker_rgb_r.png" server="ftp.boogercms.org//www/" local="129223755880000000" remote="129555078600000000" />
<file name="colorpicker_select.gif" server="ftp.boogercms.org//www/" local="129223755880000000" remote="129555078600000000" />
<file name="colorpicker_submit.png" server="ftp.boogercms.org//www/" local="129223755880000000" remote="129555078600000000" />
<file name="custom_background.png" server="ftp.boogercms.org//www/" local="129223755880000000" remote="129555078600000000" />
<file name="custom_hex.png" server="ftp.boogercms.org//www/" local="129223755880000000" remote="129555078600000000" />
<file name="custom_hsb_b.png" server="ftp.boogercms.org//www/" local="129223755880000000" remote="129555078600000000" />
<file name="custom_hsb_h.png" server="ftp.boogercms.org//www/" local="129223755880000000" remote="129555078600000000" />
<file name="custom_hsb_s.png" server="ftp.boogercms.org//www/" local="129223755880000000" remote="129555078600000000" />
<file name="custom_indic.gif" server="ftp.boogercms.org//www/" local="129223755880000000" remote="129555078600000000" />
<file name="custom_rgb_b.png" server="ftp.boogercms.org//www/" local="129223755880000000" remote="129555078600000000" />
<file name="custom_rgb_g.png" server="ftp.boogercms.org//www/" local="129223755880000000" remote="129555078600000000" />
<file name="custom_rgb_r.png" server="ftp.boogercms.org//www/" local="129223755880000000" remote="129555078600000000" />
<file name="custom_submit.png" server="ftp.boogercms.org//www/" local="129223755880000000" remote="129555078600000000" />
<file name="direction-ss.png" server="ftp.boogercms.org//www/" local="129223755880000000" remote="129555078600000000" />
<file name="select.png" server="ftp.boogercms.org//www/" local="129223755880000000" remote="129555078600000000" />
<file name="select2.png" server="ftp.boogercms.org//www/" local="129223755880000000" remote="129555078600000000" />
<file name="slider-ss.png" server="ftp.boogercms.org//www/" local="129223755880000000" remote="129555078600000000" />
<file name="slider.png" server="ftp.boogercms.org//www/" local="129223755880000000" remote="129555078600000000" />
<file name="swatch-ss.png" server="ftp.boogercms.org//www/" local="129223755880000000" remote="129555078600000000" />
</dwsync>