<?xml version="1.0" encoding="utf-8" ?>
<dwsync>
<file name="autocompletion.js" server="ftp.boogercms.org//www/" local="129422457532418781" remote="129555763200000000" />
<file name="edit_area.css" server="ftp.boogercms.org//www/" local="129422457532598792" remote="129555763200000000" />
<file name="edit_area.js" server="ftp.boogercms.org//www/" local="129422457532938811" remote="129555763200000000" />
<file name="edit_area.php" server="ftp.boogercms.org//www/" local="129465598238332399" remote="129555763200000000" />
<file name="edit_area_compressor.php" server="ftp.boogercms.org//www/" local="129422457533338834" remote="129555763200000000" />
<file name="edit_area_full.gz" server="ftp.boogercms.org//www/" local="129422457533538845" remote="129555763200000000" />
<file name="edit_area_full.js" server="ftp.boogercms.org//www/" local="129422457534538903" remote="129555763200000000" />
<file name="edit_area_functions.js" server="ftp.boogercms.org//www/" local="129422457535118936" remote="129555763200000000" />
<file name="edit_area_loader.js" server="ftp.boogercms.org//www/" local="129422457535708970" remote="129555763200000000" />
<file name="elements_functions.js" server="ftp.boogercms.org//www/" local="129422457536138994" remote="129555763200000000" />
<file name="highlight.js" server="ftp.boogercms.org//www/" local="129422457536579019" remote="129555763200000000" />
<file name="keyboard.js" server="ftp.boogercms.org//www/" local="129422457538139109" remote="129555763200000000" />
<file name="license_apache.txt" server="ftp.boogercms.org//www/" local="129422457541259287" remote="129555763800000000" />
<file name="license_bsd.txt" server="ftp.boogercms.org//www/" local="129422457541379294" remote="129555763800000000" />
<file name="license_lgpl.txt" server="ftp.boogercms.org//www/" local="129422457541689312" remote="129555763800000000" />
<file name="manage_area.js" server="ftp.boogercms.org//www/" local="129422457542609364" remote="129555763800000000" />
<file name="regexp.js" server="ftp.boogercms.org//www/" local="129422457550219800" remote="129555763800000000" />
<file name="reg_syntax.js" server="ftp.boogercms.org//www/" local="129422457554590050" remote="129555763800000000" />
<file name="resize_area.js" server="ftp.boogercms.org//www/" local="129422457555040075" remote="129555763800000000" />
<file name="search_replace.js" server="ftp.boogercms.org//www/" local="129422457555370094" remote="129555763800000000" />
<file name="template.html" server="ftp.boogercms.org//www/" local="129422457555670111" remote="129555763800000000" />
</dwsync>