<?xml version="1.0" encoding="utf-8" ?>
<dwsync>
<file name="admin-change-status.php" server="ftp.boogercms.org//www/" local="129470749664396469" remote="129555079200000000" />
<file name="admin-comments.css" server="ftp.boogercms.org//www/" local="129465770221219257" remote="129555079200000000" />
<file name="admin-comments.js" server="ftp.boogercms.org//www/" local="129465799105831363" remote="129555079200000000" />
<file name="admin-get-comments.php" server="ftp.boogercms.org//www/" local="129470749642035190" remote="129555079200000000" />
<file name="comments.php" server="ftp.boogercms.org//www/" local="129546201842960003" remote="129555079200000000" />
<file name="get_comments.php" server="ftp.boogercms.org//www/" local="129463916799349590" remote="129555079200000000" />
<file name="get_form.php" server="ftp.boogercms.org//www/" local="129475899759375630" remote="129555079200000000" />
<file name="post.php" server="ftp.boogercms.org//www/" local="129546197321901414" remote="129555079200000000" />
<file name="site-comments.js" server="ftp.boogercms.org//www/" local="129546202210000000" remote="129555079200000000" />
</dwsync>