<?xml version="1.0" encoding="utf-8" ?>
<dwsync>
<file name="blog.php" server="ftp.boogercms.org//www/" local="129496729508521704" remote="129555079200000000" />
<file name="blog.css" server="ftp.boogercms.org//www/" local="129468410541686950" remote="129555079200000000" />
<file name="blog.js" server="ftp.boogercms.org//www/" local="129567851108643014" remote="129567922800000000" />
<file name="create_post.php" server="ftp.boogercms.org//www/" local="129470749907660382" remote="129555079200000000" />
<file name="delete.php" server="ftp.boogercms.org//www/" local="129470749890459399" remote="129555079200000000" />
<file name="get_categories.php" server="ftp.boogercms.org//www/" local="129470749874588491" remote="129555079200000000" />
<file name="get_info.php" server="ftp.boogercms.org//www/" local="129470749857857534" remote="129555079200000000" />
<file name="get_posts.php" server="ftp.boogercms.org//www/" local="129470749839576488" remote="129555079200000000" />
<file name="get_revisions.php" server="ftp.boogercms.org//www/" local="129477721717795336" remote="129555079200000000" />
<file name="get_tags.php" server="ftp.boogercms.org//www/" local="129470749823815587" remote="129555079200000000" />
<file name="get_templates.php" server="ftp.boogercms.org//www/" local="129470749810000000" remote="129555079200000000" />
<file name="groups.php" server="ftp.boogercms.org//www/" local="129470749791303727" remote="129555079200000000" />
<file name="restore.php" server="ftp.boogercms.org//www/" local="129477723185929308" remote="129555079200000000" />
<file name="save.php" server="ftp.boogercms.org//www/" local="129477722706161867" remote="129555079200000000" />
<file name="users.php" server="ftp.boogercms.org//www/" local="129470749759731921" remote="129555079200000000" />
</dwsync>