<?xml version="1.0" encoding="utf-8" ?>
<dwsync>
<file name="alert_error.png" server="ftp.boogercms.org//www/" local="129281814582667148" remote="129555078000000000" />
<file name="alert_notice.png" server="ftp.boogercms.org//www/" local="129281814818440633" remote="129555078000000000" />
<file name="alert_warning.png" server="ftp.boogercms.org//www/" local="129281814291050468" remote="129555078000000000" />
<file name="arrow_down.png" server="ftp.boogercms.org//www/" local="129440588433217865" remote="129555078000000000" />
<file name="arrow_left_no_scroll.png" server="ftp.boogercms.org//www/" local="129275870467777566" remote="129555078000000000" />
<file name="arrow_left_scroll.png" server="ftp.boogercms.org//www/" local="129275871597352174" remote="129555078000000000" />
<file name="arrow_right.png" server="ftp.boogercms.org//www/" local="129440566344062496" remote="129555078000000000" />
<file name="arrow_right_no_scroll.png" server="ftp.boogercms.org//www/" local="129275870972126413" remote="129555078000000000" />
<file name="arrow_right_scroll.png" server="ftp.boogercms.org//www/" local="129275871471444973" remote="129555078000000000" />
<file name="arrow_up.png" server="ftp.boogercms.org//www/" local="129440589230513467" remote="129555078000000000" />
<file name="booger_logo.png" server="ftp.boogercms.org//www/" local="129275857984853584" remote="129555078000000000" />
<file name="close.png" server="ftp.boogercms.org//www/" local="129294967961095539" remote="129555078000000000" />
<file name="handle.png" server="ftp.boogercms.org//www/" local="129440578883124992" remote="129555078000000000" />
<file name="menu_arrow_down.png" server="ftp.boogercms.org//www/" local="129440146066765951" remote="129555078000000000" />
<file name="sidetab.png" server="ftp.boogercms.org//www/" local="129468542791171872" remote="129555078000000000" />
<file name="top_bg.png" server="ftp.boogercms.org//www/" local="129275846030669844" remote="129555078000000000" />
<file name="top_toolbox_bg.png" server="ftp.boogercms.org//www/" local="129275861409101568" remote="129555078000000000" />
</dwsync>